1001;Griotgreg-2009AcuraTLSHAWD834.flv.ogv
1001;Griotgreg-2009VWTOUAREGTDI665.flv.ogv
1001;Griotgreg-2010LexysHS250h753.flv.ogv
1001;Griotgreg-BentleyContientalGT224.flv.ogv
1001;Griotgreg-HondaInsight305.flv.ogv
1001;Griotgreg-NissanAltimaCoupe487.flv.ogv
1001;Griotgreg-TheVeggieCar998.flv.ogv
1001;Rmc-BusLaneWithParkingSpaces977.flv.ogv
1009;ChefsLine-IsraeliCouscous910.flv.ogv
1009;ChefsLine-KansasCityBarbecueSauce196.flv.ogv
1009;ChefsLine-PastaFrittata697.flv.ogv
1009;ChefsLine-SpicyLambBurgersWithRaita938.flv.ogv
1009;CookingUpAStory-BackyardChickensTourDeCoops216.flv.ogv
1009;Crashsolo-OneMinuteSemiHomemadeMoneySavingMeals299.flv.ogv
1009;Culinarymedia-ChefMarksQuickBitesBlackGarlic132.flv.ogv
1009;Culinarymedia-CMNVideoCocktailHourBasilMoTeato848.flv.ogv
1009;Culinarymedia-CMNVideoDiscoveringColonialVirginia791.flv.ogv
1009;Culinarymedia-CMNVideoForkInTheRoadPerSe357.flv.ogv
1009;Culinarymedia-QuickBitesHawaiiKapaluaFarmsComposting226.flv.ogv
1009;Culinarymedia-QuickBitesHawaiiMakawaoMushroomsMaui217.flv.ogv
1009;Culinarymedia-QuickBitesWalesNationalBotanicGarden555.flv.ogv
1009;Dahowlett-PulpoGaliciana440.flv.ogv
1009;Drinkart-MakersMarkEggNogArtOfTheDrink51899.flv.ogv
1009;Drinkart-SharkIceArtOfTheDrink67614.flv.ogv
1009;Drinkart-SingaporeSlingArtOfTheDrink50269.flv.ogv
1009;Globaldyana-4thOfJulyInMexicoCityAtArroyoRestaurant253.flv.ogv
1009;JeffBrooks-WelcomeToScreamFresh457.flv.ogv
1009;Johnlieberman-FoodgangFrenchRestaurantMiamiBeachSurfsideReviewByJohnL624.flv.ogv
1009;Johnlieberman-SpecchioItalianRestaurantMiamiBeachSurfsideReviewByJohn753.flv.ogv
1009;Legourmettv-1860BeerBrewingPart3901.flv.ogv
1009;Legourmettv-BraisedVealInStout230.flv.ogv
1009;Legourmettv-CajunSpiceRubRecipe979.flv.ogv
1009;Legourmettv-CleaningMussels450.flv.ogv
1009;Legourmettv-CuminSaladDressingRecipe423.flv.ogv
1009;Legourmettv-HotAndSpicyGrillRub861.flv.ogv
1009;Legourmettv-HowToMakeAGrahamCrackerCrust902.flv.ogv
1009;Legourmettv-HowToMakeEggMeringue127.flv.ogv
1009;Legourmettv-MontrealSteakSpiceRecipe377.flv.ogv
1009; Legourmettv-PEIFoodFestivals124.flv.ogv
1009;Legourmettv-RibNChickenSpiceRubRecipe479.flv.ogv
1009;Libationblog-CucumberCupCocktailRecipe810.flv.ogv
1009;Libationblog-JDSmoothieDrink389.flv.ogv
1009; 11M Oneteaaweek-OneTeaAWeekIntroductionVideoPodcast418.flv.ogv
1009;4.3M Plus1tv-BarcraftTrailer801.flv.ogv
1009;7.5M RVO174-Episode17Persimmons850.flv.ogv
1009; 31M SeraphimWines-SamScarparisWINEPORNOTV17469.flv.ogv
1009; 34M Stevegarfield-MyMomsCookies297.flv.ogv
1009; 11M TastingNotesAtDistrict-RoccapiaSangioveseChiantiTuscanyItaly2007862.flv.ogv
1009; 27M Teatips-TeaTipsEpisode14CravingTeas761.flv.ogv
1009;7.5M Teatips-TeaTipsEpisode851952PuerhTea598.flv.ogv
1009; 28M TheWineVault-CentralOtagoVsMarlboroughPinotNoirWVTVEpisode74534.flv.ogv
1009; 33M Wardy-Episode36CheeseSteak697.flv.ogv
1009; 18M Wardy-Episode71Announcement737.flv.ogv
1009; 25M Wardy-RestaurantFoodFastEpisode24494.flv.ogv
1011;28M Acnethai-414.flv.ogv
1011; 21M Acnethai-EP4HowToMakeUpForAcneFromBobbiBrown565.flv.ogv
1011; 38M Bavc-GossipChismeDeborah157.flv.ogv
1011;9.7M Bavc-GustavosStoryHistoriaDeGustavoIvonne893.flv.ogv
1011;8.6M Bavc-MyPrinceCharmingMiPrincipeAzulVeronica726.flv.ogv
1011; 15M Critter-InsanityWeek3Day3400.flv.ogv
1011; 13M Dinap830-GE17HeartOpeningStuff494.flv.ogv
1011; 13M Dinap830-GE22QuadsInnerHotness754.flv.ogv
1011; 11M Dinap830-GE26BindsThoseBlastedTraps955.flv.ogv
1011;8.2M Dinap830-GE27CoreTransversusSixPack251.flv.ogv
1011;9.2M Dinap830-GE32AlternatingNostrilsBrains976.flv.ogv
1011;9.6M Dinap830-GE36EwLocusts586.flv.ogv
1011;9.6M Dinap830-GE42ExercisesNotNice773.flv.ogv
1011;8.6M Dinap830-GE50PostPartyTwist630.flv.ogv
1011;9.6M Dinap830-GE54CockeyedTwistArr876.flv.ogv
1011; 11M Dinap830-GE75TwoGurusADoOver839.flv.ogv
1011;8.2M Dinap830-GE84PitsOpenNoBlues628.flv.ogv
1011; 15M Dinap830-GE93AlmostAtPeakPoseStretches509.flv.ogv
1011; 12M Dinap830-GE96WallNStrapStretching900.flv.ogv
1011; 27M EngenderHealth-www3for1orgFromEngenderHealth990.flv.ogv
1011;3.8M Guidonia-DisabiliAGuidoniaMontecelio111.flv.ogv
1011;4.4M InnerBonding-UnderstandingAndOvercomingAddictions970.flv.ogv
1011; 39M JillForrest-YogaBabyEpisode21724.flv.ogv
1011; 31M Luukdiphoorn-InternationalWaterHouseWithoutWater460.flv.ogv
1011; 18M Marcdavid-BurnTheFatInnerCircleVideoTour518.flv.ogv
1011;3.0M SEEPROGRESS-TheHealthCareCrisis47MillionCantAffordToGetSick131.flv.ogv
1011;7.4M Theexsmoker-WelcomeToTheExSmokercom729.flv.ogv
1011;5.7M TheJAMAREPORT-ADULTSTEMCELLSAREHELPINGPATIENTSWITHAUTOIMMUNEDISEASESA376.flv.ogv
1011;4.2M TheJAMAREPORT-ADVANCESINGENETICMEDICINEAREGREATBUTSOMEHEALTHCAREWORKE804.flv.ogv
1011;6.0M TheJAMAREPORT-BABIESBORNPREMATUREMAYHAVECONTINUEDHEALTHRISKSDURINGCHI237.flv.ogv
1011;4.3M TheJAMAREPORT-BISPHENOLAASSOCIATEDWITHANINCREASEDRISKOFDISEASEINADUL565.flv.ogv
1011;6.1M TheJAMAREPORT-CHANGESTOMEDICAREANDACCESSTOCAREFORCANCERPATIENTS318.flv.ogv
1011;4.8M TheJAMAREPORT-COMBINATIONOFMAMMOGRAPHYANDULTRASOUNDINCREASESDETECTIONOF782.flv.ogv
1011;7.7M TheJAMAREPORT-COSTOFTREATINGSPINEPROBLEMSINCREASESBUTPATIENTSONAVERAG415.flv.ogv
1011;5.5M TheJAMAREPORT-FAMILYHISTORYOFCOLORECTALCANCERMAYIMPROVECHANCEOFSURVIV604.flv.ogv
1011;8.9M TheJAMAREPORT-FATNESSVERSUSFITNESSCARDIOVASCULARFITNESSAPPEARSMOREIMPOR970.flv.ogv
1011;5.3M TheJAMAREPORT-GENEMUTATIONMAYHELPEXPLAINDIFFERENCEINLUNGFUNCTIONAMONG450.flv.ogv
1011; 20M TheJAMAREPORT-HIVINFECTIONRATESINUSHIGHERTHANFIRSTTHOUGHT184.flv.ogv
1011;5.7M TheJAMAREPORT-HOSPITALIZEDPATIENTSARELESSLIKELYTOSURVIVECARDIACARREST590.flv.ogv
1011;6.5M TheJAMAREPORT-LOWERBLOODPRESSUREANDCHOLESTEROLTARGETSFORDIABETICSMAYR892.flv.ogv
1011;4.2M TheJAMAREPORT-MERCKFAILSTODISCLOSEMORTALITYRISKASSOCIATEDWITHVIOXX529.flv.ogv
1011;4.2M TheJAMAREPORT-MILITARYTROOPSRETURNINGFROMCOMBATMAYEXPERIENCEBINGEDRINK180.flv.ogv
1011;5.8M TheJAMAREPORT-MONITORINGBLOODPRESSUREATHOMEANDONASECUREWEBSITEMAYH793.flv.ogv
1011;7.7M TheJAMAREPORT-OBESITYLEVELSAMONGCHILDRENANDTEENSSTABILIZE688.flv.ogv
1011;6.8M TheJAMAREPORT-PATIENTSLIVINGINRURALAREASARELESSLIKELYTORECEIVEORGAN429.flv.ogv
1011;4.9M TheJAMAREPORT-RESEARCHERSIDENTIFYPREDICTORSFORSPINEFRACTURESMOSTCOMMON338.flv.ogv
1011;5.1M TheJAMAREPORT-RESEARCHERSSTUDYUSFAMILIESINWHICHATLEASTONEPARENTHASH276.flv.ogv
1011;4.7M TheJAMAREPORT-ROUTINECARDIACCATHETERIZATIONBENEFITSSOMEWOMENWITHHEARTD782.flv.ogv
1011;7.5M TheJAMAREPORT-SOMEPATIENTSNOTABLETOAFFORDPRESCRIPTIONSDESPITEENROLLING660.flv.ogv
1011;6.0M TheJAMAREPORT-STJOHNSWORTDOESNOTIMPROVESYMPTOMSOFATTENTIONDEFICITHYPE461.flv.ogv
1011;6.3M TheJAMAREPORT-STUDYFINDSASSOCIATIONBETWEENDIABETESANDDEPRESSION881.flv.ogv
1011;4.7M TheJAMAREPORT-STUDYFINDSBETTERQUALITYOFLIFEFORTERMINALLYILLPATIENTSW666.flv.ogv
1011;4.3M TheJAMAREPORT-STUDYFINDSBVITAMINSDONOTHELPPREVENTHEARTATTACKSORSTRO962.flv.ogv
1011;3.7M TheJAMAREPORT-STUDYFINDSDIVERSITYWITHINUSMEDICALSCHOOLSHELPSTOTREATA629.flv.ogv
1011;3.2M TheJAMAREPORT-STUDYFINDSGINKGOBILOBADOESNOTHELPPREVENTDEMENTIAANDALZ761.flv.ogv
1011;4.8M TheJAMAREPORT-STUDYFINDSHIGHDOSEINTAKEOFTHREEBVITAMINS578.flv.ogv
1011;5.0M TheJAMAREPORT-STUDYFINDSHIGHDOSEINTAKEOFTHREEBVITAMINSDOESNOTREDUCE116.flv.ogv
1011;4.2M TheJAMAREPORT-STUDYFINDSHIGHDOSEINTAKEOFVITAMINSCEDOESNOTREDUCERIS816.flv.ogv
1011;4.3M TheJAMAREPORT-STUDYFINDSMANYCHILDRENARENOTGETTINGTHEPHYSICALACTIVITY334.flv.ogv
1011;5.6M TheJAMAREPORT-STUDYFINDSMARIJUANASMOKINGISRISKFACTORFORGUMDISEASE519.flv.ogv
1011;5.0M TheJAMAREPORT-STUDYFINDSPHYSICALACTIVITYMAYHELPIMPROVECOGNITIVEFUNCTIO827.flv.ogv
1011;4.0M TheJAMAREPORT-STUDYFINDSPOPCORNNUTSANDCORNDONOTINCREASETHEINCIDENCE585.flv.ogv
1011;6.4M TheJAMAREPORT-STUDYFINDSRACIALDISPARITYNOLONGERASSOCIATEDWITHNATIONSC280.flv.ogv
1011;6.5M TheJAMAREPORT-STUDYFINDSSIGNIFICANTDIFFERENCESINCARDIACARRESTINCIDENCE764.flv.ogv
1011;6.2M TheJAMAREPORT-STUDYMEASURESPREVALENCEOFCANCERCAUSINGGENEMUTATIONINHISP365.flv.ogv
1011;5.4M TheJAMAREPORT-STUDYSHOWSCHANGEINLIFESYTLEHABITS389.flv.ogv
1011;7.8M TheJAMAREPORT-TEENAGERSWHODONATEBLOODMAYEXPERIENCEANADVERSEREACTION941.flv.ogv
1011;3.9M TheJAMAREPORT-TESTOSTERONESUPPLEMENTATIONNOTBENEFICIALINCOMBATINGMOSTEF226.flv.ogv
1011;7.6M TheJAMAREPORT-VIAGRAAPPEARSTOHELPTREATANTIDEPRESSANTRELATEDSEXUALSIDE318.flv.ogv
1011;4.8M TheJAMAREPORT-VITAMINEIMPORTANTTOPHYSICALHEALTHASYOUAGE908.flv.ogv
1011;5.9M TheJAMAREPORT-WEIGHTLOSSDRUGSHOWSPROMISEFORHELPINGTHOSEWITHCORONARYH748.flv.ogv
1011;4.8M TheJAMAREPORT-WOMENREMAINATRISKFORBREASTCANCERTHREEYEARSAFTERSTOPPIN770.flv.ogv
1011;5.1M TheJAMAREPORT-WOMENWHOQUITSMOKINGCANDECREASETHEIRRISKOFCERTAINFATAL707.flv.ogv
1013;6.6M Actorsandcrew-TheBigBreak844.flv.ogv
1013; 14M Akachan-XF3ARMYProjectPromo360.flv.ogv
1013; 18M Celluloidremix-Cellushape912.flv.ogv
1013;7.6M Coruway-BaldGuyOnClimateChange001743.flv.ogv
1013;2.2M Davidleeking-fun409.flv.ogv
1013;6.4M DigitalFrontiers-ApolloBeyondCh21Of21TheFinalSolution255.flv.ogv
1013;5.8M Etopianewsnow-EdwardBunkerOnTheSocialContractAndSlavery908.flv.ogv
1013;9.6M Etopianewsnow-MarcLawrenceTalksAboutLongTimeNoSee175.flv.ogv
1013; 15M Etopianewsnow-RachelMcAdamsExpressesGratitudeToTechnologyAtAMPASTechA158.flv.ogv
1013; 14M GVTVNEWS-GVTVNews010308NCTV11Part2854.flv.ogv
1013;9.7M GVTVNEWS-GVTVNews010508NCTV11Part2805.flv.ogv
1013; 17M GVTVNEWS-GVTVNews070307540.flv.ogv
1013;1.2M GVTVNEWS-GVTVNews073108NCTV11557.flv.ogv
1013;4.4M GVTVNEWS-GVTVWeather072007743.flv.ogv
1013;1.6M JimCropcho-jimUglyBetty704.flv.ogv
1013; 16M KELLYTV-ANGELSANDDEMONSFEATURETTE369.flv.ogv
1013;5.9M Labambola-Teaser20DelVideobookDeCristinaDominguez639.flv.ogv
1013; 18M Mediagrouptv-CircuitoOff2008Day01OpeningParty179.flv.ogv
1013; 17M Mediagrouptv-SecondSexeTintoBrassKickTheCockCircuitoOff2008Day04684.flv.ogv
1013; 15M MeetCleaverTheatre-MCTBlackSheep339.flv.ogv
1013; 20M MeetCleaverTheatre-MCTTribulation99ZELDA494.flv.ogv
1013; 14M Nerdgasmic-BattlestarGalacticaRevelations479.flv.ogv
1013; 19M Newsdate2011-Episode1ADevilOnMyDesk541.flv.ogv
1013;8.9M Opiatefilms-BasketcaseActionscifiWebseriesPilot459.flv.ogv
1013;8.1M Opiatefilms-SimonEmilyFHTAPromoHQ175.flv.ogv
1013;2.8M Petepo-DriveLessSaveMoreInfomercial904.flv.ogv
1013;3.6M Publicdomain-advertisment_aurora_drag_race_set681.flv.ogv
1013;4.1M Publicdomain-advertisment_baggies_plastic_bags573.flv.ogv
1013;4.0M Publicdomain-advertisment_crest_toothpaste_1310.flv.ogv
1013;3.4M Publicdomain-advertisment_crest_toothpaste800.flv.ogv
1013;4.2M Publicdomain-advertisment_folgers_coffee_10207.flv.ogv
1013;4.1M Publicdomain-advertisment_folgers_coffee_5754.flv.ogv
1013;5.1M Publicdomain-advertisment_folgers_coffee_8927.flv.ogv
1013;3.4M Publicdomain-advertisment_ge_bender408.flv.ogv
1013;5.7M Publicdomain-advertisment_ivory_soap497.flv.ogv
1013;7.4M Publicdomain-advertisment_jet_national563.flv.ogv
1013;3.7M Publicdomain-advertisment_mennen_baby_magic442.flv.ogv
1013;5.3M Publicdomain-advertisment_newport_cigarettes_1259.flv.ogv
1013;3.7M Publicdomain-advertisment_newport_cigarettes_3657.flv.ogv
1013;6.4M Publicdomain-advertisment_new_port_cigarettes_5531.flv.ogv
1013;4.3M Publicdomain-advertisment_norelco_shaver677.flv.ogv
1013;8.6M Publicdomain-advertisment_oldsmobile_2707.flv.ogv
1013;6.2M Publicdomain-advertisment_sunbeam_bread_1400.flv.ogv
1013;5.1M Publicdomain-advertisment_sunbeam_bread_4359.flv.ogv
1013;2.8M Publicdomain-advertisment_sunbeam_bread_6984.flv.ogv
1013;7.3M Publicdomain-advertisment_sunbeam_bread_8815.flv.ogv
1013;4.3M Publicdomain-advertisment_sunbeam_bread_9274.flv.ogv
1013;4.3M Publicdomain-advertisment_tide619.flv.ogv
1013;5.4M Publicdomain-advertisment_us_steel_1373.flv.ogv
1013;2.5M Publicdomain-advertisment_vicks_ny_quil298.flv.ogv
1013;3.8M Publicdomain-advertisment_vitalis876.flv.ogv
1013; 14M Publicdomain-humorous_funny_faces_1906278.flv.ogv
1013; 15M ReViewMe-LongAnimeSeriesRant505.flv.ogv
1013;6.2M ReViewMe-ReViewMeEpisode11TwoForOneTwilightBookAndMovieReview756.flv.ogv
1013;6.7M ReViewMe-TsubasaReservoirChronicleVolumes16Unboxing339.flv.ogv
1013;2.3M Runadun-2008AnEggOdyssey534.flv.ogv
1013;9.9M SceneStealers-IronManMovieReviewBySceneStealerscom872.flv.ogv
1013;1.4M SceneStealers-SceneStealerscomRedesignTeaser1666.flv.ogv
1013;2.1M SceneStealers-SceneStealerscomRedesignTeaser2723.flv.ogv
1013;7.8M Scottyiseri-SGAOJS02E24306.flv.ogv
1013;3.5M Solique-CinemaSceneDiscussionsMilosForman782.flv.ogv
1013;6.7M Solique-TheRapeOfEuropaReview951.flv.ogv
1013;8.4M Tooncast-TalkLikeAPirateDay993.flv.ogv
1013; 16M Underlab-ShortFilmsDawnDubrielsTheLastDutchess521.flv.ogv
1014;2.1M Barandide-CarmenTrailer259.flv.ogv
1014;6.6M Barandide-PucciniMadameButterfly740.flv.ogv
1014;1.3M Bluecanoerecords-BlessYou868.flv.ogv
1014; 11M Bluecanoerecords-DatzIt241.flv.ogv
1014;2.3M Bluecanoerecords-JosephPatrickMooreTalksAboutMilesDavis954.flv.ogv
1014;8.4M Bluecanoerecords-NabilKhemir770.flv.ogv
1014; 16M Cariblifecentral-3EnergyGodElephantManMiamiDancehallConcert780.flv.ogv
1014;6.6M Chuckm-SummerInTheCityACappella546.flv.ogv
1014;5.9M ClaudeBesson-JOYEUXNOEL355.flv.ogv
1014;8.9M ClaudeBesson-LesNewsDuCARGOClub218.flv.ogv
1014; 13M ClaudeBesson-ROCKAAGORA28012007188.flv.ogv
1014; 14M Clif-Episode1570.flv.ogv
1014;5.3M CorrosionDC-MightyMikeSagaAndC365RadioCrashYour4thOfJulyParty655.flv.ogv
1014; 12M Craigleach21-MultiMovements433.flv.ogv
1014;9.3M CutthroatMolloy-AskScuurvy607.flv.ogv
1014; 15M CutthroatMolloy-VictorianBushfiresBenefitGigSUNMarch1stMonstrothic235Ed551.flv.ogv
1014; 15M CutthroatMolloy-WhatCouldBeBetter245.flv.ogv
1014;2.0M Daterobertpattinson-RobertPattinsonInLoveShowersKristenStewartWithGifts930.flv.ogv
1014;6.6M Davidleeking-djembe139.flv.ogv
1014;5.3M Dobro33H-CheapThrils651.flv.ogv
1014;2.8M DrinkingWithBob-BritneySpearsIsGoingOnTour210.flv.ogv
1014; 13M Eclectone-HappyNewYearFromEclectoneRecords790.flv.ogv
1014;3.9M Eddiedotcom-TheCandySong809.flv.ogv
1014; 11M Eduardoquezada-CarlosTheInternWinsSingingContest253.flv.ogv
1014; 16M Eduardoquezada-QuerenciaCancionInterpretadaPorLosHnosQuezada599.flv.ogv
1014;4.0M Eighthrs-HardLuck790.flv.ogv
1014; 15M Elinertv-CurtMegaAndLightInThePiazza111.flv.ogv
1014; 12M Francoventoso-2MarcoCalcinaroECarloDeSignoribusBluesOnTheRoad234.flv.ogv
1014; 13M Francoventoso-3CarloDeSignoribusEAltriBluesOnTheRoad581.flv.ogv
1014; 13M Francoventoso-francomorone6766.flv.ogv
1014; 12M Grollett-GRoUpdateOnRockForHungerFest3719.flv.ogv
1014;5.6M Guidonia-LionsPubTivoliLocaleSalsaKaraokePianoBarVillaAdrian290.flv.ogv
1014;3.7M Guidonia-LionsPubTivoliLocaleSalsaKaraokePianoBarVillaAdrian479.flv.ogv
1014;7.6M Guidonia-LionsPubTivoliLocaleSalsaKaraokePianoBarVillaAdrian886.flv.ogv
1014;7.4M Heywood-EKGZZLiveMusicVideoCheapSunGlasses717.flv.ogv
1014; 11M Ironmanrecords-LastUnderTheSunNotInMyName2004Breizh383.flv.ogv
1014; 13M Ironmanrecords-LastUnderTheSunTheDon758.flv.ogv
1014;6.2M Jake-JeanMichelJarreOxygenePlayedByMeOnTheKeyboard480.flv.ogv
1014; 13M Jasonheath-BassByChrisThrelkeldWiegand763.flv.ogv
1014;8.9M Jasonheath-BassForSaleContactToddMatthewsForDetails997.flv.ogv
1014; 15M Jasonheath-IanHallasPerformsBottesiniMvt1997.flv.ogv
1014;5.0M Jasonheath-MyCrazyStandPartner806.flv.ogv
1014; 15M Jasonheath-RealitiesOfFulltimeFreelancing244.flv.ogv
1014;9.5M KELLYTV-IFIWASYOURMANBYJOE111.flv.ogv
1014; 11M KELLYTV-LIFEAFTERDEATHJAMALWOODARDSOULSNATCHER818.flv.ogv
1014; 13M KELLYTV-PRECIOUSMOVIETRAILERBYTYLERPERRYNORRAH403.flv.ogv
1014;2.9M KELLYTV-SOUTHERNENTERTAINMENTAWARDSVOTE4KANERIDIAMOND211.flv.ogv
1014;2.8M Lhgreene-RogueOperasLaBohemePromoVideo466.flv.ogv
1014;6.0M Lorenzosmusic-DrinkinByMyselfLorenzosMusic722.flv.ogv
1014; 15M Maqex-AmorDeMadreLuisEnriqueMejaGodoy431.flv.ogv
1014;7.0M Marquisdejolie-PennyArcadeOfMyEarlyStuff522.flv.ogv
1014;8.4M Mdtmusic-InTheNameOfTheFamilySuite496.flv.ogv
1014;4.3M Mdtmusic-Salvation491.flv.ogv
1014;5.1M Mdtmusic-SpaceAce273.flv.ogv
1014; 13M Menomenation-NoahGundersenJesusJesusLiveTheRedRoom3152009756.flv.ogv
1014; 12M Mode2-LeeveyILikeLove494.flv.ogv
1014; 11M Mtaatv-AYFeatAvrilLeoRemix882.flv.ogv
1014;9.0M Mtaatv-CannibalIWish186.flv.ogv
1014;6.6M Mtaatv-WyreSheSayDat487.flv.ogv
1014;3.7M Muzik4machines-MuddyMilfshakeMuzik4MachinesNewRoomIMovie743.flv.ogv
1014;4.1M Patrizio_m-50CentFeatJustinTimberlakeAyoTechnologyPatrizioMarchesa792.flv.ogv
1014;8.9M Poetminor158-BllyLittleInterview663.flv.ogv
1014; 15M Poetminor158-ThePoetOfTheMillenium230.flv.ogv
1014;8.3M PrivateLessons-PrivateLessonscomSoundbitesNewYorkSingerJacquelynFamilant367.flv.ogv
1014; 14M PrivateLessons-PRIVATELESSONSSoundbitesReneeSaxonPhoenixVoice206.flv.ogv
1014;1.1M ReViewMe-FunStuffMyDogLibby508.flv.ogv
1014; 11M ReViewMe-ReViewMeEpisode14SkilletAwakeAlbumDeluxeEdition473.flv.ogv
1014;9.7M Robmumble-QManPromo445.flv.ogv
1014;8.4M SnitcherTV-SnitcherHardcoreBluesII362.flv.ogv
1014; 13M SnitcherTV-SnitcherHardcoreBluesIII417.flv.ogv
1014; 15M SnitcherTV-SnitcherHardcoreBluesIV328.flv.ogv
1014;4.4M Spcbrass-AdiosArrivederciAuRevoirAufWiedersehenAndGoodbye626.flv.ogv
1014;5.4M Spcbrass-RainDrops770.flv.ogv
1014;7.6M Spindaily-IndependentSpiritAwardsRedCarpetStyle623.flv.ogv
1014; 16M Spindaily-LAFashionWeekVerusNewYorkFashionWeek327.flv.ogv
1014;4.3M Studiomuscle-DanielJohnstonTheLastSong904.flv.ogv
1014;7.7M Stupidfamouspeople-AdimariLopezLuisFonsiArriveToMarcAnthonys40thBirthday894.flv.ogv
1014;3.8M Stupidfamouspeople-AngelinaJolieSignsAutographsOutsideTheChangelingMoviePre561.flv.ogv
1014;5.4M Stupidfamouspeople-BobWeirPhilLeshOfGratefulDeadSignAutographsInNYC882.flv.ogv
1014;5.1M Stupidfamouspeople-BoxingAnnouncerMichaelBufferInNewYorkCity949.flv.ogv
1014;2.5M Stupidfamouspeople-BradPittAndAngelinaJolieLeavingTheChangelingPremiereIn964.flv.ogv
1014;1.7M Stupidfamouspeople-ChristianCamargoLeavesAllMySonsOnBroadwayInNYC868.flv.ogv
1014;6.1M Stupidfamouspeople-ClayAikenAvoidsGayQuestionsFromPaparazziAtSpamalot742.flv.ogv
1014;4.2M Stupidfamouspeople-DakotaFanningArrivesToTheTodayShowInNewYorkCity427.flv.ogv
1014;6.1M Stupidfamouspeople-FergieOfTheBlackEyedPeasArrivesAtFashionRocks2008Rehe858.flv.ogv
1014;2.2M Stupidfamouspeople-GuadalupeLopezJenniferLopezMotherArrivesToMarcAnthonys4115.flv.ogv
1014;3.2M Stupidfamouspeople-HarveyKeitelLeavesBarneysInNewYorkCity673.flv.ogv
1014;3.2M Stupidfamouspeople-JamieOliverTheNakedChefTalksOutsideDavidLetterman750.flv.ogv
1014;3.4M Stupidfamouspeople-JayZAndKanyeWestLeaveMarcJacobsSpring2009FashionShowI466.flv.ogv
1014; 15M Stupidfamouspeople-JenniferLopezAndVictoriaBeckhamArriveToTheMarcJacobsSp767.flv.ogv
1014;2.9M Stupidfamouspeople-JohnMayerAndBrotherCarlMayerLeaveNobuRestaurantInNewY868.flv.ogv
1014;1.9M Stupidfamouspeople-JohnMayerLeavesHisSohoApartmentInNewYorkCity226.flv.ogv
1014;9.1M Stupidfamouspeople-KatieHolmesStrollingThroughNewYorkCityAfterLeavingHerD440.flv.ogv
1014;6.6M Stupidfamouspeople-KimoraLeeSimmonsDjimonHounsouArriveToMarcAnthonys40th435.flv.ogv
1014;5.9M Stupidfamouspeople-KimRaverLeavesMarcJacobsSpring2009FashionShowInNewYor562.flv.ogv
1014;1.6M Stupidfamouspeople-KirstenDunstAtTheHounddogMoviePremiereInNYC985.flv.ogv
1014;3.9M Stupidfamouspeople-LeonaLewisAtFashionRocks2008InNewYorkCityFashionWeek531.flv.ogv
1014;3.5M Stupidfamouspeople-LindsayPriceAndBoyfriendRobertBuckleyOutAndAboutInNew188.flv.ogv
1014; 12M Stupidfamouspeople-MileyCyrusChecksOutOfHerHotelInNewYorkCity258.flv.ogv
1014; 16M Stupidfamouspeople-PaparazziFootageOfArtieLangOfHowardSternJokingWithFans826.flv.ogv
1014;3.9M Stupidfamouspeople-PaparazziFootageOfBenAffleckAndJenniferGarnerWithoutBab353.flv.ogv
1014; 13M Stupidfamouspeople-PaparazziFootageOfBrookeShieldsAndGinaGershonInNewYork651.flv.ogv
1014;9.0M Stupidfamouspeople-PaparazziFootageOfChampionBoxerRoyJonesJrAtGoodMorning829.flv.ogv
1014; 15M Stupidfamouspeople-PaparazziFootageOfCynthiaNixonBeingGrumpyInTheCity519.flv.ogv
1014;6.0M Stupidfamouspeople-PaparazziFootageOfEmmaRobertsJuliaRobertsNieceInNewYor546.flv.ogv
1014; 16M Stupidfamouspeople-PaparazziFootageOfGuitaristStevenVanZandtOfBruceSprings959.flv.ogv
1014;5.1M Stupidfamouspeople-PaparazziFootageOfJackBlackShowingOffHisKungFuPandaSk629.flv.ogv
1014; 13M Stupidfamouspeople-PaparazziFootageOfJennyLewisAtLateShowWithDavidLetterm133.flv.ogv
1014; 13M Stupidfamouspeople-PaparazziFootageOfJennyLewisAtLateShowWithDavidLetterm317.flv.ogv
1014; 11M Stupidfamouspeople-PaparazziFootageOfKateBosworthBoyfriendJamesRousseauIn611.flv.ogv
1014; 11M Stupidfamouspeople-PaparazziFootageOfKellyRutherfordWithHusbandAndBabySon620.flv.ogv
1014;6.5M Stupidfamouspeople-PaparazziFootageOfRickyGervaisAtLateShowWithDavidLette756.flv.ogv
1014;3.6M Stupidfamouspeople-PaparazziSayingHelloToTomCruisesMomAndKatieHolmesParen826.flv.ogv
1014;8.4M Stupidfamouspeople-PaparazziVideoOfKateBosworthAndBoyfriendJamesRousseauIn959.flv.ogv
1014;9.7M Stupidfamouspeople-PaparazziVideoOfMileyCyrusAtZ100AndDeniesAutographHoun625.flv.ogv
1014;5.4M Stupidfamouspeople-PhilCollinsHasNoTimeForHisFansInNewYorkCity729.flv.ogv
1014;5.0M Stupidfamouspeople-RichardDreyfussLeavesThePremiereOfWInNewYorkCity378.flv.ogv
1014;7.3M Stupidfamouspeople-RosiePerezAtTheWMoviePremiereInNewYorkCity493.flv.ogv
1014;8.8M Stupidfamouspeople-SofiaCoppolaArrivesToMarcJacobsSpring2009InNewYorkCit929.flv.ogv
1014;8.5M Stupidfamouspeople-TomCruiseAndKatieHolmesReturnHomeAfterAllMySonsOpenin152.flv.ogv
1014;4.5M Stupidfamouspeople-TomCruiseJadaPinkettSmithSneakIntoKatieHolmesPlay566.flv.ogv
1014;7.3M Stupidfamouspeople-UglyAgynessDeynAndAlbertHammondJrOfTheStrokesLeavingM278.flv.ogv
1014;4.7M SynchroTheatre-123VideoTrailer550.flv.ogv
1014;6.5M SynchroTheatre-Hello287.flv.ogv
1014;5.8M SynchroTheatre-SnowQueenTeaser651.flv.ogv
1014;1.9M Useeblu-BlubrryJamIsComing335.flv.ogv
1014; 15M VirginBob-CourteenersToHeadlineNextVFestival406.flv.ogv
1014; 12M VirginBob-CutCopyVFestivalMelbourne450.flv.ogv
1014;7.9M VirginBob-DuranDuranVFestivalMelbourne275.flv.ogv
1014; 13M VirginBob-PresetsVFestivalMelbourne656.flv.ogv
1014;3.1M VirginBob-VFestivalPerthAustraliaPart3367.flv.ogv
1014;8.5M VirginBob-VFestivalPerthAustraliaPart4584.flv.ogv
1014;5.8M VirginBob-VFestivalStealsTheSunshine834.flv.ogv
1014;7.9M VirginBob-WhipcrackinVFestival241.flv.ogv
1014;1.6M Wyshy-IJoebotConfessional600.flv.ogv
1016;9.1M EconomyInCrisis-AlternativeFuelsComeback948.flv.ogv
1016;7.2M EconomyInCrisis-AmericasRoots430.flv.ogv
1016;8.5M EconomyInCrisis-ASolutionToTheTradeDeficit674.flv.ogv
1016;8.6M EconomyInCrisis-BailoutInfighting736.flv.ogv
1016;9.6M EconomyInCrisis-EconomicIlliteracy922.flv.ogv
1016; 11M EconomyInCrisis-FallingUSTaxRevenue222.flv.ogv
1016;9.5M EconomyInCrisis-FalseFlagsOfRecovery150.flv.ogv
1016; 11M EconomyInCrisis-FearsOfANewRecession436.flv.ogv
1016;9.4M EconomyInCrisis-FinancialReform130.flv.ogv
1016; 11M EconomyInCrisis-FixingTheEconomy183.flv.ogv
1016; 11M EconomyInCrisis-FreeTradeAndTheClassWar750.flv.ogv
1016;9.7M EconomyInCrisis-GMBankruptcy879.flv.ogv
1016; 11M EconomyInCrisis-JusticeSoutersRetirement978.flv.ogv
1016; 11M EconomyInCrisis-MadeInTheUSA595.flv.ogv
1016;5.8M EconomyInCrisis-PatChoateGovernment846.flv.ogv
1016;8.3M EconomyInCrisis-PotentialSolutions463.flv.ogv
1016;9.9M EconomyInCrisis-RoubinisViewOfRecovery247.flv.ogv
1016; 11M EconomyInCrisis-TeslaMotors948.flv.ogv
1016; 11M EconomyInCrisis-TheAmericanDollar110.flv.ogv
1016; 11M EconomyInCrisis-TheCostOfFixingTheUS363.flv.ogv
1016;9.5M EconomyInCrisis-TheEconomyIsWorseThanItAppears264.flv.ogv
1016; 10M EconomyInCrisis-TheFedTransparencyAct911.flv.ogv
1016;9.9M EconomyInCrisis-TradeDeficitFallsForAllTheWrongReasons193.flv.ogv
1016; 11M EconomyInCrisis-WarrenBuffettInflationOnTheHorizon879.flv.ogv
1016;9.7M Eduardoquezada-EduardoQuezadaEscandonEditorial419.flv.ogv
1016;3.4M Etopianewsnow-MarcyWinograds2006CampaignSpot458.flv.ogv
1016;5.8M Hrocus-BradKlippert400.flv.ogv
1016;4.3M Hrocus-BruceDammeier493.flv.ogv
1016;4.1M Hrocus-JanAngel693.flv.ogv
1016;2.7M Hrocus-JohnAhern223.flv.ogv
1016;7.2M Hrocus-norma2891.flv.ogv
1016;3.7M Lauraflanders-BillFletcherIranCommentaryOnGRITtv642.flv.ogv
1016;4.5M Lauraflanders-CommentaryAlexCarlin716.flv.ogv
1016;5.7M Lauraflanders-DavidSirotaAFunnyThingHappenedOnTheWayToDenver739.flv.ogv
1016;4.6M Lauraflanders-DavidSirotaCountryFirst158.flv.ogv
1016;6.4M Lauraflanders-DavidSirotaMakingGoliathWalk993.flv.ogv
1016;4.0M Lauraflanders-FWordJuly72008594.flv.ogv
1016;5.8M Lauraflanders-GRITtvCommentaryBillFletcherOnBaseball408.flv.ogv
1016; 10M Lauraflanders-GRITtvCommentaryBrianJones977.flv.ogv
1016;3.6M Lauraflanders-GRITtvCommentaryDavidSirotaOnJuly142008673.flv.ogv
1016;5.2M Lauraflanders-GRITtvCommentaryDavidSirotaOnObamaAndCentrism866.flv.ogv
1016;7.1M Lauraflanders-GRITtvCommentaryDedrickMuhammad775.flv.ogv
1016;3.1M Lauraflanders-GRITtvCommentaryDoIHearABidForPatientDebt945.flv.ogv
1016;4.4M Lauraflanders-GRITtvCommentaryHeidiBoghosian632.flv.ogv
1016;3.6M Lauraflanders-GRITtvCommentaryJune232008546.flv.ogv
1016;5.3M Lauraflanders-GRITtvCommentaryLauraFlandersOnDelMartinsPassing980.flv.ogv
1016;9.5M Lauraflanders-GRITtvCommentaryMarthaBurk867.flv.ogv
1016;7.4M Lauraflanders-GRITtvCommentaryMoniqueHarden9308247.flv.ogv
1016;3.6M Lauraflanders-GRITtvCommentarySomeThingsThatNeverChange896.flv.ogv
1016;3.3M Lauraflanders-GRITtvCommentaryTheFoodCrisis776.flv.ogv
1016;2.8M Lauraflanders-GRITtvDavidBenderOnTheHillaryRFKFlap225.flv.ogv
1016;5.9M Lauraflanders-GRITtvFeaturesRemixDISAPPOINTMENTStranahan875.flv.ogv
1016;2.7M Lauraflanders-GRITtvFWordJuly92008321.flv.ogv
1016;6.7M Lauraflanders-GRITtvPhyllisBennisCommentary874.flv.ogv
1016;1.1M Lauraflanders-LiveFromMainstreet902.flv.ogv
1016;7.3M Lauraflanders-TheFWordAugust112008131.flv.ogv
1016;9.9M Lauraflanders-TheFWordAugust122008443.flv.ogv
1016;5.7M Lauraflanders-TheFWordAugust132008181.flv.ogv
1016;9.5M Lauraflanders-TheFWordAugust142008569.flv.ogv
1016;9.6M Lauraflanders-TheFWordAugust182008896.flv.ogv
1016;8.8M Lauraflanders-TheFWordAugust192008478.flv.ogv
1016; 11M Lauraflanders-TheFWordAugust272008LiveFromDNC258.flv.ogv
1016;6.2M Lauraflanders-TheFWordAugust282008LiveFromDNC679.flv.ogv
1016; 11M Lauraflanders-TheFWordAugust52008441.flv.ogv
1016;7.6M Lauraflanders-TheFWordAugust72008ISOLATED484.flv.ogv
1016;6.1M Lauraflanders-TheFWordJuly142008282.flv.ogv
1016; 11M Lauraflanders-TheFWordJuly162008867.flv.ogv
1016;3.3M Lauraflanders-TheFWordJuly172008163.flv.ogv
1016;3.4M Lauraflanders-TheFWordJuly22008710.flv.ogv
1016;7.7M Lauraflanders-TheFWordJuly232008742.flv.ogv
1016;8.1M Lauraflanders-TheFWordJuly242008216.flv.ogv
1016;1.9M Lauraflanders-TheFWordJuly32008736.flv.ogv
1016;2.7M Lauraflanders-TheFWordJuly92008224.flv.ogv
1016;3.7M Lauraflanders-TheFWordMourningStephanieTubbsJonesAugust212008222.flv.ogv
1016; 11M Lauraflanders-TheFWordSeptember22008627.flv.ogv
1016;4.0M Lauraflanders-TheFWordSeptember32008677.flv.ogv
1016;6.7M Lauraflanders-TheFWordSeptember82008269.flv.ogv
1016;5.5M Lauraflanders-TheFWordSeptember92008677.flv.ogv
1016;3.4M Lauraflanders-TheFWordTheEconomyOfGenerosity808.flv.ogv
1016;5.2M Lauraflanders-TheFWordWhyIsntRoveInJail919.flv.ogv
1016;7.8M Lauraflanders-TheFWordWhyObamaNeedsANewDealAugust42008168.flv.ogv
1016;8.2M Marquisdejolie-VALiars489.flv.ogv
1016; 11M Marquisdejolie-VisitingTheShelterPart3147.flv.ogv
1016; 11M PDXK-DrillBabyDrillAtTheRNC569.flv.ogv
1016;9.8M Politicallunch-PoliticalLunch011508597.flv.ogv
1016;7.8M Politicallunch-PoliticalLunch022108ThursdaySnack106.flv.ogv
1016;9.1M Politicallunch-PoliticalLunch022908795.flv.ogv
1016;9.8M Politicallunch-PoliticalLunch031108TuesdaySnack693.flv.ogv
1016;9.3M Politicallunch-PoliticalLunch031808TuesdaySnack327.flv.ogv
1016;8.5M Politicallunch-PoliticalLunch032508TuesdaySnack271.flv.ogv
1016; 11M Politicallunch-PoliticalLunch040908974.flv.ogv
1016;9.7M Politicallunch-PoliticalLunch041008GayRightsThursdaySnack297.flv.ogv
1016;8.7M Politicallunch-PoliticalLunch041508TaxDaySpecial648.flv.ogv
1016; 11M Politicallunch-PoliticalLunch042108930.flv.ogv
1016;7.2M Politicallunch-PoliticalLunch042408ThursdaySnack939.flv.ogv
1016;9.5M Politicallunch-PoliticalLunch042508736.flv.ogv
1016;9.7M Politicallunch-PoliticalLunch042908TuesdaySnack650.flv.ogv
1016;3.9M Politicallunch-PoliticalLunch050608PrimaryTuesdaySnack577.flv.ogv
1016;8.2M Politicallunch-PoliticalLunch050808MichiganSnack528.flv.ogv
1016;7.5M Politicallunch-PoliticalLunch051308111.flv.ogv
1016;9.0M Politicallunch-PoliticalLunch052708875.flv.ogv
1016;9.7M Politicallunch-PoliticalLunch081208TuesdaySnack407.flv.ogv
1016; 10M Politicallunch-PoliticalLunch090608BrunchSpecial10Lessons852.flv.ogv
1016; 11M Politicallunch-PoliticalLunch090908TuesdaySnack967.flv.ogv
1016; 11M Politicallunch-PoliticalLunch092308150StrategySnack991.flv.ogv
1016;9.3M Politicallunch-PoliticalLunch093008BailoutBillBlameGameSnack740.flv.ogv
1016;9.9M Politicallunch-PoliticalLunch100208VPDebateSnack646.flv.ogv
1016;8.7M Politicallunch-PoliticalLunch100708TuesdaySnack145.flv.ogv
1016;9.6M Politicallunch-PoliticalLunch101408ProtectingYourVote472.flv.ogv
1016;8.5M Politicallunch-PoliticalLunch102108TuesdaySnack635.flv.ogv
1016;7.8M Politicallunch-PoliticalLunch112007TuesdaySnack438.flv.ogv
1016;3.1M Repgeorgemiller-CongressPassesLandmarkEnergyBill633.flv.ogv
1016; 11M Sabbah-ZionismVsJudaism498.flv.ogv
1016;4.2M SEEPROGRESS-AfterTheEconomicMeltdown947.flv.ogv
1016;8.9M SEEPROGRESS-ANewEconomicEngineEnergyInThe21stCentury798.flv.ogv
1016;7.8M SEEPROGRESS-ApollosFireIgnitingAmericasCleanEnergyEconomy987.flv.ogv
1016;3.4M SEEPROGRESS-BalacingTheBudgetIraqCostsShouldntStopInvestingInAmeric453.flv.ogv
1016;3.6M SEEPROGRESS-CleanMyRideFlexMyFuelStarringBenAffleckMattDamonCen180.flv.ogv
1016;1.7M SEEPROGRESS-ClimateChangeTheStateOfTheUnionASKTHEEXPERTDanWeis539.flv.ogv
1016; 11M SEEPROGRESS-TheTyrranyOfDeadIdeasMattMillerHIGHLIGHTS844.flv.ogv
1016;3.5M SEEPROGRESS-TheYahooMicosoftMergerHowPrivateIsYourPrivacyOnline274.flv.ogv
1016;3.6M SEEPROGRESS-ThisWeekInCongressJuly232007CenterForAmericanProgress303.flv.ogv
1016;3.7M SEEPROGRESS-USIraqPolicyNeedsAStrategicResetDrLawerenceKorbOnRec361.flv.ogv
1016;9.0M Talkradionewsservice-CongressmanRoyBluntTalksAboutTheHouseInterruptingTheMem944.flv.ogv
1016;7.3M TheOintment-4000th264.flv.ogv
1016; 11M TheOintment-BlackAndWhite502.flv.ogv
1016;6.1M TheOintment-ClintonAccusesObamaOfPlagiarism180.flv.ogv
1016;6.4M TheOintment-DaddysUterusAndOtherStories958.flv.ogv
1016; 11M TheOintment-EncoreSuperTuesdayUpdate896.flv.ogv
1016;4.2M TheOintment-FakeHillaryClintonAdExperienceMatters814.flv.ogv
1016;7.0M TheOintment-FridayFreshness590.flv.ogv
1016;7.4M TheOintment-GasPain438.flv.ogv
1016;6.7M TheOintment-HappyMothersDay180.flv.ogv
1016;8.4M TheOintment-JuniorSuperTuesday715.flv.ogv
1016;6.8M TheOintment-MondayMadness320.flv.ogv
1016;5.3M TheOintment-NotSoSuperDelegates487.flv.ogv
1016;7.2M TheOintment-ObamaClintonGrudgeMatch758.flv.ogv
1016;7.0M TheOintment-TaxDeadline756.flv.ogv
1016;8.2M TheOintment-WeekInReview22208481.flv.ogv
1016;9.8M TheOintment-WeekInReview4408583.flv.ogv
1016;3.5M TheOintment-WithFriendsLikeThese940.flv.ogv
1017;15M Aabbey1-InvitationToSummer2009RabbinicalStudySeminarAtHartmanIn262.flv.ogv
1017; 13M Aabbey1-RachelSabathBeitHalachmiThreeModelsOfTorahOnCelebrating136.flv.ogv
1017; 20M Aabbey1-ShalomHartmanInstitutesInnovativeTheologyConference661.flv.ogv
1017; 37M Anglicantv-FCA2009ArchbishopVenables921.flv.ogv
1017; 22M Anglicantv-FCA2009BishopBenn159.flv.ogv
1017; 37M Anglicantv-FCA2009InterviewWithArchbishopJensenAndArchbishopVeneabl988.flv.ogv
1017; 16M Anglicantv-FCA2009RevRoberts569.flv.ogv
1017; 23M DetrimentalInformati-BattleForTheTenCommandments529.flv.ogv
1017; 13M Fbchattiesburg-Miracle961.flv.ogv
1017;9.3M Fbchattiesburg-OComeOCome735.flv.ogv
1017;8.1M Fbchattiesburg-ThisIsOurGod551.flv.ogv
1017; 35M Gracebible-052409PMRememberPeopleOnMemorialDay592.flv.ogv
1017; 36M Mcusa-ArmorOfGod942.flv.ogv
1017; 36M Microdac-Birds199.flv.ogv
1017;9.9M NickDutch-AGhostStory421.flv.ogv
1017;8.7M NickDutch-FreeTarotReadings127.flv.ogv
1017; 18M NickDutch-FreeTarotReadings262.flv.ogv
1017;6.3M NickDutch-FreeTarotReadings291.flv.ogv
1017; 31M NickDutch-FreeTarotReadings465.flv.ogv
1017; 34M NickDutch-FreeTarotReadings781.flv.ogv
1017; 22M NickDutch-TheTarotShowWithNickDutch435.flv.ogv
1017; 37M NickDutch-TheTarotShowWithNickDutch513.flv.ogv
1017; 35M NickDutch-TheTarotShowWithNickDutch568.flv.ogv
1017;530K Nitaai-00001EveryActionHasReaction589.flv.ogv
1017; 26M Nitaai-00001SoundVibration952.flv.ogv
1017; 15M Nitaai-00003JanuKunda829.flv.ogv
1017; 21M Nitaai-00009LordNrisingha825.flv.ogv
1017; 37M Nitaai-0004GundichaMarjanaPastime1525.flv.ogv
1017; 13M Nitaai-02AllPotenciesinHolyName292.flv.ogv
1017; 39M Nitaai-07Rathayatra981.flv.ogv
1017; 11M Palau2-PortlandCityCouncilMeetingNickFishCommentsOnSeasonOfSe206.flv.ogv
1017; 33M Palau2-SeasonOfServiceOverviewForCatalyst393.flv.ogv
1017; 12M Palau-PortlandCityFestPromo682.flv.ogv
1017; 32M Poetminor158-ElderJosephLTolton322.flv.ogv
1017; 17M Poetminor158-ReverendJamaulRoots260.flv.ogv
1017; 33M QueerAsFaith-MyLifeIsInYou910.flv.ogv
1017; 24M Rhayes-Refresh08TuesdayMorning600.flv.ogv
1017; 11M Rhayes-TheFoundationForEvangelismWhatWeFund393.flv.ogv
1017; 25M TLDM-CharismaticDelusionPart1Of4741.flv.ogv
1017; 34M TLDM-TheMiraculousStoryOfBaysidePart10Of11607.flv.ogv
1017; 25M TLDM-TheMiraculousStoryOfBaysidePart11Of11993.flv.ogv
1017; 23M TLDM-TheMiraculousStoryOfBaysidePart3Of11630.flv.ogv
1017; 15M TLDM-TheMiraculousStoryOfBaysidePart7Of11111.flv.ogv
1017; 20M UBM-02050dManchildAndBride04944.flv.ogv
1017; 12M WybaK-MIRACLEKAABAAVOIR920.flv.ogv
1019;9.6M Deepintosports-DeepIntoSportscom31109WorldBaseballClassicWatchIt345.flv.ogv
1019;7.6M Deepintosports-DeepIntoSportscom41109LessonsFromNickAdenhart789.flv.ogv
1019; 11M Deepintosports-DeepIntoSportscom51909PlayoffLetdowns846.flv.ogv
1019; 15M Fcumtv-CharlieOLoughlinChatsToFCUMTVAfterNantwichH130409932.flv.ogv
1019; 18M Fcumtv-FCUnitedVAshtonUnited250309THEGOALS940.flv.ogv
1019; 20M Fcumtv-FCUnitedVBradfordParkAvenueNPL250409GOALS284.flv.ogv
1019; 17M Fcumtv-MOTMSamAshtonChatsToFCUMTVAfterNFerriby04_04_09397.flv.ogv
1019; 16M Fcumtv-NantwichFACInterviewKyleWilson752.flv.ogv
1019;1.8M FinancialAidPodcas-2008SuperBowlXLIIAdFromTheStudentLoanNetwork346.flv.ogv
1019;1.5M Golf-GolfTipLoosenUpTheGolfSwingAndStartFeeling469.flv.ogv
1019;1.8M Golf-GolfTipStopTheThoughtProcessAndStartFeeling612.flv.ogv
1019;9.5M GolfLifeTips-HitLongDrivesWithThisPowerTip197.flv.ogv
1019; 20M GolfLifeTips-TaylormadeTourBurnerDriverReview339.flv.ogv
1019; 14M Golf-PuttingOnFastGreens920.flv.ogv
1019;5.1M Golf-QolfGameHighlight190.flv.ogv
1019; 11M Golf-YesDonnaPutter794.flv.ogv
1019;5.1M Guidonia-palestraguidoniacollefiorito361.flv.ogv
1019; 18M JeffBrooks-CarCraftNationals2008CorvetteZ06181.flv.ogv
1019;5.2M Livingasiachannel-DTCCIDSFCOMPETITION190.flv.ogv
1019;6.3M Livingasiachannel-DTCCIDSFCOMPETITION980.flv.ogv
1019; 17M Marquisdejolie-IWasOnSteroids803.flv.ogv
1019; 17M PDXK-CyclocrossCrusadeAlpenroseRacePromo841.flv.ogv
1019; 18M Sgallasch-2008ArnoldStrongmanClassicDVDPreview792.flv.ogv
1019;9.9M Sgallasch-2008NABBAUNIVERSEDVDPREVIEW975.flv.ogv
1019; 15M Sgallasch-Melvin_BlackandWhite352.flv.ogv
1019;7.4M Sgallasch-SUSANBORGFIGURECHAMPIONMAGNIFICENTMALTESEMUSCLE122.flv.ogv
1019; 14M Sgallasch-wwwgmvcomau_2006_NABBA_Universe894.flv.ogv
1019;8.0M Sgallasch-wwwgmvcomau_ahmadhaidar918.flv.ogv
1019;2.3M Sgallasch-wwwgmvcomau_al_beckles640.flv.ogv
1019; 11M Sgallasch-wwwgmvcomau_charles_mario868.flv.ogv
1019;6.2M Sgallasch-wwwgmvcomau_gmv019dvd198.flv.ogv
1019; 15M Sgallasch-wwwgmvcomau_GMV318DVD211.flv.ogv
1019;8.7M Sgallasch-wwwgmvcomau_GMV324DVD144.flv.ogv
1019;9.7M Sgallasch-wwwgmvcomau_GMV344360.flv.ogv
1019; 12M Sgallasch-wwwgmvcomau_GMV380DVD926.flv.ogv
1019;8.9M Sgallasch-wwwgmvcomau_GMV403DVD541.flv.ogv
1019; 15M Sgallasch-wwwgmvcomau_gmv430784.flv.ogv
1019; 18M Sgallasch-wwwgmvcomau_GMV648DVDpriest842.flv.ogv
1019;3.8M Sgallasch-wwwgmvcomau_GMV659DVD772.flv.ogv
1019; 13M Sgallasch-wwwgmvcomau_Lenda_Murray502.flv.ogv
1019;7.3M Sgallasch-wwwgmvcomau_MelvinAnthony_Contest_Ready229.flv.ogv
1019; 13M Sgallasch-wwwgmvcomau_mikeohearn_craigtitus919.flv.ogv
1019;4.5M Sgallasch-wwwgmvcomau_rich_gaspari446.flv.ogv
1019; 13M Sgallasch-wwwgmvcomau_V008DVD456.flv.ogv
1019;7.6M Sgallasch-wwwgmvcomau_V195DVDDennis832.flv.ogv
1019; 15M Sgallasch-wwwgmvcomau_V203DVD106.flv.ogv
1019;5.8M SPI-ThursdayJuly242008BreakingNewsEdition202.flv.ogv
1019;2.2M Srnyclips-SportsRadioNYAnimationPromo963.flv.ogv
1019; 14M Subfightercom-BraboChokeFromHalfGuard226.flv.ogv
1019;3.5M Subfightercom-SideToBackPosition330.flv.ogv
1019; 15M Thatsportsshow-ThatSportsShowBlazingShootingAndCrossDressing920.flv.ogv
1019; 16M Thatsportsshow-ThatSportsShowMarburyPitBullsAndInterns384.flv.ogv
1019; 15M Thatsportsshow-ThatSportsShowPartyBoatsAndGunshots852.flv.ogv
1019; 20M Thatsportsshow-ThatSportsShowTerrellOwens985.flv.ogv
1019; 17M Thatsportsshow-ThatSportsShowThugsPunksAndMarkCuban250.flv.ogv
1019; 18M Thatsportsshow-ThatSportsShowWeHardlyKnewYe621.flv.ogv
1019; 16M Thatsportsshow-TwitsTwitterAndMattStraqsHeadExploding895.flv.ogv
1019;9.5M TheEpicSeason-JesseCsincsak357.flv.ogv
1019; 14M TheEpicSeason-VailResortsPresentsBeaverCreekColorado743.flv.ogv
1019; 16M TheEpicSeason-VailResortsPresentsKeystoneColorado964.flv.ogv
1019; 17M TheEpicSeason-VailSnowdaze252.flv.ogv
1019; 18M Weldon-BradyWiederholdKneeDrill2380.flv.ogv
1019; 18M Weldon-DrHollingsworthAcupuncture313.flv.ogv
